{"train": [50.148148148148145, 44.25925925925926, 40.18518518518518, 37.44444444444444], "val": [52.77777777777778, 44.907407407407405, 41.358024691358025, 38.58024691358025], "test": 53.06267806267806, "time": 3.4812533855438232}