{"train": [57.54985754985755, 47.50712250712251, 43.41168091168091, 49.03846153846154], "val": [57.71604938271605, 45.06172839506173, 41.51234567901235, 45.67901234567901], "test": 57.60582010582011, "time": 26.40491557121277}