{"train": [20.16, 0.0, 0.0, 0.0], "val": [22.0, 0.0, 0.0, 0.0], "test": 20.53846153846154, "time": 0.6519641876220703}