{"train": [39.96296296296296, 39.851851851851855, 39.666666666666664, 39.55555555555556, 39.51851851851852], "val": [42.129629629629626, 42.129629629629626, 41.97530864197531, 41.97530864197531, 41.97530864197531], "test": 41.31054131054131, "time": 1.2063322067260742}