{"train": [29.32, 11.8104, 11.8104, 11.8104], "val": [31.666666666666668, 12.333333333333334, 12.333333333333334, 12.333333333333334], "test": 31.923076923076923, "time": 17.53553867340088}