{"train": [96.07407407407408, 96.07407407407408, 96.07407407407408, 96.07407407407408, 96.07407407407408, 96.07407407407408, 96.07407407407408], "val": [96.29629629629629, 96.29629629629629, 96.29629629629629, 96.29629629629629, 96.14197530864197, 96.14197530864197, 96.14197530864197], "test": 96.15384615384616, "time": 1.7863225936889648}