{"train": [20.32, 0.0, 0.0, 0.0], "val": [21.5, 0.0, 0.0, 0.0], "test": 20.53846153846154, "time": 91.48136281967163}