{"train": [95.29629629629629, 95.11111111111111, 95.0, 94.85185185185185], "val": [95.67901234567901, 95.5246913580247, 95.37037037037037, 95.21604938271605], "test": 95.58404558404558, "time": 0.9619579315185547}