{"train": [5.8148, 0.0, 0.0, 0.0], "val": [6.355, 0.0, 0.0, 0.0], "test": 4.777692307692308, "time": 0.6512942314147949}