{"train": [11.56, 0.0, 0.0, 0.0], "val": [13.833333333333334, 0.0, 0.0, 0.0], "test": 11.615384615384615, "time": 0.8368351459503174}