{"train": [81.6951566951567, 81.23219373219374, 81.16096866096866, 81.08974358974359], "val": [82.4074074074074, 81.94444444444444, 81.94444444444444, 81.79012345679013], "test": 81.6137566137566, "time": 3.9226489067077637}