{"train": [19.515669515669515, 23.86039886039886, 30.413105413105413, 32.54985754985755, 33.333333333333336, 32.44301994301994, 32.407407407407405, 32.12250712250712], "val": [21.75925925925926, 24.691358024691358, 31.635802469135804, 33.95061728395062, 34.5679012345679, 33.7962962962963, 33.95061728395062, 34.10493827160494], "test": 35.383597883597886, "time": 7.21575665473938}