{"train": [30.2356, 20.1508, 20.1448, 20.1508], "val": [29.0, 20.833333333333332, 20.833333333333332, 20.833333333333332], "test": 31.915384615384614, "time": 1.5949513912200928}